 ,reviewText,overall,pos_neg
0,very good product and the material used is kind of fine and okay and is good for walks and runs at a mere length. so far didn't find much agony wearing it and it'll do for the long run to come. the price feels justified  somehow and narrowly. the product is also authentic and the delivery was smooth too  got it quicker than it was supposed to be so im satisfied. well done!!,4.3,1
1,Recommendable,4.3,1
2,The printings and designs are worst. The quality is very bad compared to the price. Uncomfortable to wear it.Not value for money.,4.3,1
3,Worst poduct. I want my money back. Take your shoes back the of shoes get down because cheap glue i used never buy. Doing fraud on the name of puma.,4.3,1
4,Shoes less too short,4.3,1
