,name,rating,reviews
0,Puma Unisex-Adult Flyer Flex Running Shoes ,4.3,"very good product and the material used is kind of fine and okay and is good for walks and runs at a mere length. so far didn't find much agony wearing it and it'll do for the long run to come. the price feels justified, somehow and narrowly. the product is also authentic and the delivery was smooth too, got it quicker than it was supposed to be so im satisfied. well done!!"
1,Puma Unisex-Adult Flyer Flex Running Shoes ,4.3,Recommendable
2,Puma Unisex-Adult Flyer Flex Running Shoes ,4.3,The printings and designs are worst. The quality is very bad compared to the price. Uncomfortable to wear it.Not value for money.
3,Puma Unisex-Adult Flyer Flex Running Shoes ,4.3,Worst poduct. I want my money back. Take your shoes back the of shoes get down because cheap glue i used never buy. Doing fraud on the name of puma.
4,Puma Unisex-Adult Flyer Flex Running Shoes ,4.3,Shoes less too short
