,name,rating,reviews
0,"Casio Men's G-Shock Black Dial Digital Watch - DW-5600BB-1DR, G363 ",4.5,Some minor scratches on the screen
1,"Casio Men's G-Shock Black Dial Digital Watch - DW-5600BB-1DR, G363 ",4.5,"usual G shocks are largely bulky, make others feel that this person is wearing a WAAATCH...But this one is elegantly cute!This is a special one for those who have the black mania..."
2,"Casio Men's G-Shock Black Dial Digital Watch - DW-5600BB-1DR, G363 ",4.5,Got it in Rs-5500 Amazing product ♥️
3,"Casio Men's G-Shock Black Dial Digital Watch - DW-5600BB-1DR, G363 ",4.5,"It's on ma wish list for too long now I got a chance to put it on ma wrist. Water resistant  work, perfect for a slim hand,matte black is damn unique. Value for money worth it."
4,"Casio Men's G-Shock Black Dial Digital Watch - DW-5600BB-1DR, G363 ",4.5,"This is the most black digital g shock that one could ever get. People do notice it because of it’s black dial. For some reason it looks expensive, yet it’s the cheapest priced g shock out there. It’s really lightweight too. I got it under Rs 5000 during sale and using the cashback that I had in Amazon wallet."
5,"Casio Men's G-Shock Black Dial Digital Watch - DW-5600BB-1DR, G363 ",4.5,Value for money
6,"Casio Men's G-Shock Black Dial Digital Watch - DW-5600BB-1DR, G363 ",4.5,"beyond expectations, light and comfort... must buy"
